[
  {
    "country_code": "IN",
    "name": "India",
    "visa_summary": "Visa required for many nationalities. E-Visa available for tourism/business.",
    "currency": "INR",
    "laws": { "alcohol": "Varies by state; drink responsibly", "dress": "Conservative in many areas" },
    "emergency_numbers": { "police": "100", "ambulance": "102", "tourist_police": "" },
    "sim_info": "Buy prepaid SIM at airport or authorized vendor; KYC required."
  },
  {
    "country_code": "US",
    "name": "United States",
    "visa_summary": "Visa Waiver Program for certain countries; else apply for B1/B2.",
    "currency": "USD",
    "laws": { "alcohol": "21+ in most states", "dress": "No specific dress laws" },
    "emergency_numbers": { "police": "911", "ambulance": "911" },
    "sim_info": "Multiple prepaid options; passport usually enough to buy SIM at store."
  }
]